purchased;name;gender;age;city;socioeconomic_status;sum_of_previous_purchases;number_of_family_members_who_purchased
1;Allen, Miss. Elisabeth Walton;female;29;New York;high;211.34;0
1;Allison, Master. Hudson Trevor;male;1;New York;high;151.55;3
0;Allison, Miss. Helen Loraine;female;2;New York;high;151.55;3
0;Allison, Mr. Hudson Joshua Creighton;male;30;New York;high;151.55;3
0;Allison, Mrs. Hudson J C (Bessie Waldo Daniels);female;25;New York;high;151.55;3
1;Anderson, Mr. Harry;male;48;New York;high;26.55;0
1;Andrews, Miss. Kornelia Theodosia;female;63;New York;high;77.96;1
0;Andrews, Mr. Thomas Jr;male;39;New York;high;0;0
1;Appleton, Mrs. Edward Dale (Charlotte Lamson);female;53;New York;high;51.48;2
0;Artagaveytia, Mr. Ramon;male;71;London;high;49.5;0
0;Astor, Col. John Jacob;male;47;London;high;227.53;1
1;Astor, Mrs. John Jacob (Madeleine Talmadge Force);female;18;London;high;227.53;1
1;Aubart, Mme. Leontine Pauline;female;24;London;high;69.3;0
1;Barber, Miss. Ellen Nellie;female;26;New York;high;78.85;0
1;Barkworth, Mr. Algernon Henry Wilson;male;80;New York;high;30;0
0;Baxter, Mr. Quigg Edmond;male;24;London;high;247.52;1
1;Baxter, Mrs. James (Helene DeLaudeniere Chaput);female;50;London;high;247.52;1
1;Bazzani, Miss. Albina;female;32;London;high;76.29;0
0;Beattie, Mr. Thomson;male;36;London;high;75.24;0
1;Beckwith, Mr. Richard Leonard;male;37;New York;high;52.55;2
1;Beckwith, Mrs. Richard Leonard (Sallie Monypeny);female;47;New York;high;52.55;2
1;Behr, Mr. Karl Howell;male;26;London;high;30;0
1;Bidois, Miss. Rosalie;female;42;London;high;227.53;0
1;Bird, Miss. Ellen;female;29;New York;high;221.78;0
0;Birnbaum, Mr. Jakob;male;25;London;high;26;0
1;Bishop, Mr. Dickinson H;male;25;London;high;91.08;1
1;Bishop, Mrs. Dickinson H (Helen Walton);female;19;London;high;91.08;1
1;Bissette, Miss. Amelia;female;35;New York;high;135.63;0
1;Bjornstrom-Steffansson, Mr. Mauritz Hakan;male;28;New York;high;26.55;0
0;Blackwell, Mr. Stephen Weart;male;45;New York;high;35.5;0
1;Blank, Mr. Henry;male;40;London;high;31;0
1;Bonnell, Miss. Caroline;female;30;New York;high;164.87;0
1;Bonnell, Miss. Elizabeth;female;58;New York;high;26.55;0
0;Borebank, Mr. John James;male;42;New York;high;26.55;0
1;Bowen, Miss. Grace Scott;female;45;London;high;262.38;0
1;Bowerman, Miss. Elsie Edith;female;22;New York;high;55;1
0;Brady, Mr. John Bertram;male;41;New York;high;30.5;0
0;Brandeis, Mr. Emil;male;48;London;high;50.5;0
1;Brown, Mrs. James Joseph (Margaret Tobin);female;44;London;high;27.72;0
1;Brown, Mrs. John Murray (Caroline Lane Lamson);female;59;New York;high;51.48;2
1;Bucknell, Mrs. William Robert (Emma Eliza Ward);female;60;London;high;76.29;0
1;Burns, Miss. Elizabeth Margaret;female;41;London;high;134.5;0
0;Butt, Major. Archibald Willingham;male;45;New York;high;26.55;0
1;Calderhead, Mr. Edward Pennington;male;42;New York;high;26.29;0
1;Candee, Mrs. Edward (Helen Churchill Hungerford);female;53;London;high;27.45;0
1;Cardeza, Mr. Thomas Drake Martinez;male;36;London;high;512.33;1
1;Cardeza, Mrs. James Warburton Martinez (Charlotte Wardle Drake);female;58;London;high;512.33;1
0;Carlsson, Mr. Frans Olof;male;33;New York;high;5;0
0;Carrau, Mr. Francisco M;male;28;New York;high;47.1;0
0;Carrau, Mr. Jose Pedro;male;17;New York;high;47.1;0
1;Carter, Master. William Thornton II;male;11;New York;high;120;3
1;Carter, Miss. Lucile Polk;female;14;New York;high;120;3
1;Carter, Mr. William Ernest;male;36;New York;high;120;3
1;Carter, Mrs. William Ernest (Lucile Polk);female;36;New York;high;120;3
0;Case, Mr. Howard Brown;male;49;New York;high;26;0
0;Cavendish, Mr. Tyrell William;male;36;New York;high;78.85;1
1;Cavendish, Mrs. Tyrell William (Julia Florence Siegel);female;76;New York;high;78.85;1
0;Chaffee, Mr. Herbert Fuller;male;46;New York;high;61.17;1
1;Chaffee, Mrs. Herbert Fuller (Carrie Constance Toogood);female;47;New York;high;61.17;1
1;Chambers, Mr. Norman Campbell;male;27;New York;high;53.1;1
1;Chambers, Mrs. Norman Campbell (Bertha Griggs);female;33;New York;high;53.1;1
1;Chaudanson, Miss. Victorine;female;36;London;high;262.38;0
1;Cherry, Miss. Gladys;female;30;New York;high;86.5;0
1;Chevre, Mr. Paul Romaine;male;45;London;high;29.7;0
0;Clark, Mr. Walter Miller;male;27;London;high;136.78;1
1;Clark, Mrs. Walter Miller (Virginia McDowell);female;26;London;high;136.78;1
1;Cleaver, Miss. Alice;female;22;New York;high;151.55;0
0;Colley, Mr. Edward Pomeroy;male;47;New York;high;25.59;0
1;Compton, Miss. Sara Rebecca;female;39;London;high;83.16;2
0;Compton, Mr. Alexander Taylor Jr;male;37;London;high;83.16;2
1;Compton, Mrs. Alexander Taylor (Mary Eliza Ingersoll);female;64;London;high;83.16;2
1;Cornell, Mrs. Robert Clifford (Malvina Helen Lamson);female;55;New York;high;25.7;2
0;Crosby, Capt. Edward Gifford;male;70;New York;high;71;2
1;Crosby, Miss. Harriet R;female;36;New York;high;71;2
1;Crosby, Mrs. Edward Gifford (Catherine Elizabeth Halstead);female;64;New York;high;26.55;2
0;Cumings, Mr. John Bradley;male;39;London;high;71.28;1
1;Cumings, Mrs. John Bradley (Florence Briggs Thayer);female;38;London;high;71.28;1
1;Daly, Mr. Peter Denis;male;51;New York;high;26.55;0
1;Daniel, Mr. Robert Williams;male;27;New York;high;30.5;0
1;Daniels, Miss. Sarah;female;33;New York;high;151.55;0
0;Davidson, Mr. Thornton;male;31;New York;high;52;1
1;Davidson, Mrs. Thornton (Orian Hays);female;27;New York;high;52;3
1;Dick, Mr. Albert Adrian;male;31;New York;high;57;1
1;Dick, Mrs. Albert Adrian (Vera Gillespie);female;17;New York;high;57;1
1;Dodge, Dr. Washington;male;53;New York;high;81.86;2
1;Dodge, Master. Washington;male;4;New York;high;81.86;2
1;Dodge, Mrs. Washington (Ruth Vidaver);female;54;New York;high;81.86;2
0;Douglas, Mr. Walter Donald;male;50;London;high;106.42;1
1;Douglas, Mrs. Frederick Charles (Mary Helene Baxter);female;27;London;high;247.52;2
1;Douglas, Mrs. Walter Donald (Mahala Dutton);female;48;London;high;106.42;1
1;Duff Gordon, Lady. (Lucille Christiana Sutherland) (Mrs Morgan);female;48;London;high;39.6;1
1;Duff Gordon, Sir. Cosmo Edmund (Mr Morgan);male;49;London;high;56.93;1
0;Dulles, Mr. William Crothers;male;39;London;high;29.7;0
1;Earnshaw, Mrs. Boulton (Olive Potter);female;23;London;high;83.16;1
1;Endres, Miss. Caroline Louise;female;38;London;high;227.53;0
1;Eustis, Miss. Elizabeth Mussey;female;54;London;high;78.27;1
0;Evans, Miss. Edith Corse;female;36;London;high;31.68;0
1;Flynn, Mr. John Irwin (Irving);male;36;New York;high;26.39;0
0;Foreman, Mr. Benjamin Laventall;male;30;London;high;27.75;0
1;Fortune, Miss. Alice Elizabeth;female;24;New York;high;263;5
1;Fortune, Miss. Ethel Flora;female;28;New York;high;263;5
1;Fortune, Miss. Mabel Helen;female;23;New York;high;263;5
0;Fortune, Mr. Charles Alexander;male;19;New York;high;263;5
0;Fortune, Mr. Mark;male;64;New York;high;263;5
1;Fortune, Mrs. Mark (Mary McDougald);female;60;New York;high;263;5
1;Francatelli, Miss. Laura Mabel;female;30;London;high;56.93;0
1;Frauenthal, Dr. Henry William;male;50;New York;high;133.65;2
1;Frauenthal, Mr. Isaac Gerald;male;43;London;high;27.72;1
1;Frolicher, Miss. Hedwig Margaritha;female;22;London;high;49.5;2
1;Frolicher-Stehli, Mr. Maxmillian;male;60;London;high;79.2;2
1;Frolicher-Stehli, Mrs. Maxmillian (Margaretha Emerentia Stehli);female;48;London;high;79.2;2
0;Futrelle, Mr. Jacques Heath;male;37;New York;high;53.1;1
1;Futrelle, Mrs. Jacques Heath (Lily May Peel);female;35;New York;high;53.1;1
0;Gee, Mr. Arthur H;male;47;New York;high;38.5;0
1;Geiger, Miss. Amalie;female;35;London;high;211.5;0
1;Gibson, Miss. Dorothy Winifred;female;22;London;high;59.4;1
1;Gibson, Mrs. Leonard (Pauline C Boeson);female;45;London;high;59.4;1
0;Giglio, Mr. Victor;male;24;London;high;79.2;0
1;Goldenberg, Mr. Samuel L;male;49;London;high;89.1;1
0;Goldschmidt, Mr. George B;male;71;London;high;34.65;0
1;Gracie, Col. Archibald IV;male;53;London;high;28.5;0
1;Graham, Miss. Margaret Edith;female;19;New York;high;30;0
0;Graham, Mr. George Edward;male;38;New York;high;153.46;1
1;Graham, Mrs. William Thompson (Edith Junkins);female;58;New York;high;153.46;1
1;Greenfield, Mr. William Bertram;male;23;London;high;63.36;1
1;Greenfield, Mrs. Leo David (Blanche Strouse);female;45;London;high;63.36;1
0;Guggenheim, Mr. Benjamin;male;46;London;high;79.2;0
1;Harder, Mr. George Achilles;male;25;London;high;55.44;1
1;Harder, Mrs. George Achilles (Dorothy Annan);female;25;London;high;55.44;1
1;Harper, Mr. Henry Sleeper;male;48;London;high;76.73;1
1;Harper, Mrs. Henry Sleeper (Myna Haxtun);female;49;London;high;76.73;1
0;Harris, Mr. Henry Birkhardt;male;45;New York;high;83.47;1
1;Harris, Mrs. Henry Birkhardt (Irene Wallach);female;35;New York;high;83.47;1
0;Harrison, Mr. William;male;40;New York;high;0;0
1;Hassab, Mr. Hammad;male;27;London;high;76.73;0
1;Hays, Miss. Margaret Bechstein;female;24;London;high;83.16;0
0;Hays, Mr. Charles Melville;male;55;New York;high;93.5;2
1;Hays, Mrs. Charles Melville (Clara Jennings Gregg);female;52;New York;high;93.5;2
0;Head, Mr. Christopher;male;42;New York;high;42.5;0
0;Hipkins, Mr. William Edward;male;55;New York;high;50;0
1;Hippach, Miss. Jean Gertrude;female;16;London;high;57.98;1
1;Hippach, Mrs. Louis Albert (Ida Sophia Fischer);female;44;London;high;57.98;1
1;Hogeboom, Mrs. John C (Anna Andrews);female;51;New York;high;77.96;1
0;Holverson, Mr. Alexander Oskar;male;42;New York;high;52;1
1;Holverson, Mrs. Alexander Oskar (Mary Aline Towner);female;35;New York;high;52;1
1;Homer, Mr. Harry (Mr E Haven);male;35;London;high;26.55;0
1;Hoyt, Mr. Frederick Maxfield;male;38;New York;high;90;1
1;Hoyt, Mrs. Frederick Maxfield (Jane Anne Forby);female;35;New York;high;90;1
1;Icard, Miss. Amelie;female;38;;high;80;0
0;Isham, Miss. Ann Elizabeth;female;50;London;high;28.71;0
1;Ismay, Mr. Joseph Bruce;male;49;New York;high;0;0
0;Jones, Mr. Charles Cresson;male;46;New York;high;26;0
0;Julian, Mr. Henry Forbes;male;50;New York;high;26;0
0;Keeping, Mr. Edwin;male;32;London;high;211.5;0
0;Kent, Mr. Edward Austin;male;58;London;high;29.7;0
0;Kenyon, Mr. Frederick R;male;41;New York;high;51.86;1
1;Kimball, Mr. Edwin Nelson Jr;male;42;New York;high;52.55;1
1;Kimball, Mrs. Edwin Nelson Jr (Gertrude Parsons);female;45;New York;high;52.55;1
1;Kreuchen, Miss. Emilie;female;39;New York;high;211.34;0
1;Leader, Dr. Alice (Farnham);female;49;New York;high;25.93;0
1;LeRoy, Miss. Bertha;female;30;London;high;106.42;0
1;Lesurer, Mr. Gustave J;male;35;London;high;512.33;0
0;Lindeberg-Lind, Mr. Erik Gustaf (Mr Edward Lingrey);male;42;New York;high;26.55;0
1;Lindstrom, Mrs. Carl Johan (Sigrid Posse);female;55;London;high;27.72;0
1;Lines, Miss. Mary Conover;female;16;New York;high;39.4;1
1;Lines, Mrs. Ernest H (Elizabeth Lindsey James);female;51;New York;high;39.4;1
0;Long, Mr. Milton Clyde;male;29;New York;high;30;0
1;Longley, Miss. Gretchen Fiske;female;21;New York;high;77.96;0
0;Loring, Mr. Joseph Holland;male;30;New York;high;45.5;0
1;Lurette, Miss. Elise;female;58;London;high;146.52;0
1;Madill, Miss. Georgette Alexandra;female;15;New York;high;211.34;1
0;Maguire, Mr. John Edward;male;30;New York;high;26;0
1;Maioni, Miss. Roberta;female;16;New York;high;86.5;0
0;Marvin, Mr. Daniel Warner;male;19;New York;high;53.1;1
1;Marvin, Mrs. Daniel Warner (Mary Graham Carmichael Farquarson);female;18;New York;high;53.1;1
1;Mayne, Mlle. Berthe Antonine (Mrs de Villiers);female;24;London;high;49.5;0
0;McCaffry, Mr. Thomas Francis;male;46;London;high;75.24;0
0;McCarthy, Mr. Timothy J;male;54;New York;high;51.86;0
1;McGough, Mr. James Robert;male;36;New York;high;26.29;0
0;Meyer, Mr. Edgar Joseph;male;28;London;high;82.17;1
0;Millet, Mr. Francis Davis;male;65;New York;high;26.55;0
0;Minahan, Dr. William Edward;male;44;Q;high;90;2
1;Minahan, Miss. Daisy E;female;33;Q;high;90;1
1;Minahan, Mrs. William Edward (Lillian E Thorpe);female;37;Q;high;90;1
1;Mock, Mr. Philipp Edmund;male;30;London;high;57.75;1
0;Molson, Mr. Harry Markland;male;55;New York;high;30.5;0
0;Moore, Mr. Clarence Bloomfield;male;47;New York;high;42.4;0
0;Natsch, Mr. Charles H;male;37;London;high;29.7;1
1;Newell, Miss. Madeleine;female;31;London;high;113.28;1
1;Newell, Miss. Marjorie;female;23;London;high;113.28;1
0;Newell, Mr. Arthur Webster;male;58;London;high;113.28;2
1;Newsom, Miss. Helen Monypeny;female;19;New York;high;26.28;2
0;Nicholson, Mr. Arthur Ernest;male;64;New York;high;26;0
1;Oliva y Ocana, Dona. Fermina;female;39;London;high;108.9;0
1;Ostby, Miss. Helene Ragnhild;female;22;London;high;61.98;1
0;Ostby, Mr. Engelhart Cornelius;male;65;London;high;61.98;1
0;Ovies y Rodriguez, Mr. Servando;male;28;London;high;27.72;0
0;Partner, Mr. Austen;male;46;New York;high;28.5;0
0;Payne, Mr. Vivian Ponsonby;male;23;New York;high;93.5;0
0;Pears, Mr. Thomas Clinton;male;29;New York;high;66.6;1
1;Pears, Mrs. Thomas (Edith Wearne);female;22;New York;high;66.6;1
0;Penasco y Castellana, Mr. Victor de Satode;male;18;London;high;108.9;1
1;Penasco y Castellana, Mrs. Victor de Satode (Maria Josefa Perez de Soto y Vallejo);female;17;London;high;108.9;1
1;Perreault, Miss. Anne;female;30;New York;high;93.5;0
1;Peuchen, Major. Arthur Godfrey;male;52;New York;high;30.5;0
0;Porter, Mr. Walter Chamberlain;male;47;New York;high;52;0
1;Potter, Mrs. Thomas Jr (Lily Alexenia Wilson);female;56;London;high;83.16;1
0;Reuchlin, Jonkheer. John George;male;38;New York;high;0;0
0;Ringhini, Mr. Sante;male;22;London;high;135.63;0
1;Robert, Mrs. Edward Scott (Elisabeth Walton McMillan);female;43;New York;high;211.34;1
0;Roebling, Mr. Washington Augustus II;male;31;New York;high;50.5;0
1;Romaine, Mr. Charles Hallace (Mr C Rolmane);male;45;New York;high;26.55;0
1;Rosenbaum, Miss. Edith Louise;female;33;London;high;27.72;0
0;Rosenshine, Mr. George (Mr George Thorne);male;46;London;high;79.2;0
0;Ross, Mr. John Hugo;male;36;London;high;40.12;0
1;Rothes, the Countess. of (Lucy Noel Martha Dyer-Edwards);female;33;New York;high;86.5;0
0;Rothschild, Mr. Martin;male;55;London;high;59.4;1
1;Rothschild, Mrs. Martin (Elizabeth L. Barrett);female;54;London;high;59.4;1
0;Rowe, Mr. Alfred G;male;33;New York;high;26.55;0
1;Ryerson, Master. John Borie;male;13;London;high;262.38;4
1;Ryerson, Miss. Emily Borie;female;18;London;high;262.38;4
1;Ryerson, Miss. Susan Parker Suzette;female;21;London;high;262.38;4
0;Ryerson, Mr. Arthur Larned;male;61;London;high;262.38;4
1;Ryerson, Mrs. Arthur Larned (Emily Maria Borie);female;48;London;high;262.38;4
1;Sagesser, Mlle. Emma;female;24;London;high;69.3;0
1;Schabert, Mrs. Paul (Emma Mock);female;35;London;high;57.75;1
1;Serepeca, Miss. Augusta;female;30;London;high;31;0
1;Seward, Mr. Frederic Kimber;male;34;New York;high;26.55;0
1;Shutes, Miss. Elizabeth W;female;40;New York;high;153.46;0
1;Silverthorne, Mr. Spencer Victor;male;35;New York;high;26.29;0
0;Silvey, Mr. William Baird;male;50;New York;high;55.9;1
1;Silvey, Mrs. William Baird (Alice Munger);female;39;New York;high;55.9;1
1;Simonius-Blumer, Col. Oberst Alfons;male;56;London;high;35.5;0
1;Sloper, Mr. William Thompson;male;28;New York;high;35.5;0
0;Smart, Mr. John Montgomery;male;56;New York;high;26.55;0
0;Smith, Mr. James Clinch;male;56;London;high;30.7;0
0;Smith, Mr. Lucien Philip;male;24;New York;high;60;1
1;Smith, Mrs. Lucien Philip (Mary Eloise Hughes);female;18;New York;high;60;1
1;Snyder, Mr. John Pillsbury;male;24;New York;high;82.27;1
1;Snyder, Mrs. John Pillsbury (Nelle Stevenson);female;23;New York;high;82.27;1
1;Spedden, Master. Robert Douglas;male;6;London;high;134.5;2
1;Spedden, Mr. Frederic Oakley;male;45;London;high;134.5;2
1;Spedden, Mrs. Frederic Oakley (Margaretta Corning Stone);female;40;London;high;134.5;2
0;Spencer, Mr. William Augustus;male;57;London;high;146.52;1
1;Stahelin-Maeglin, Dr. Max;male;32;London;high;30.5;0
0;Stead, Mr. William Thomas;male;62;New York;high;26.55;0
1;Stengel, Mr. Charles Emil Henry;male;54;London;high;55.44;1
1;Stengel, Mrs. Charles Emil Henry (Annie May Morris);female;43;London;high;55.44;1
1;Stephenson, Mrs. Walter Bertram (Martha Eustis);female;52;London;high;78.27;1
1;Stone, Mrs. George Nelson (Martha Evelyn);female;62;;high;80;0
0;Straus, Mr. Isidor;male;67;New York;high;221.78;1
0;Straus, Mrs. Isidor (Rosalie Ida Blun);female;63;New York;high;221.78;1
0;Sutton, Mr. Frederick;male;61;New York;high;32.32;0
1;Swift, Mrs. Frederick Joel (Margaret Welles Barron);female;48;New York;high;25.93;0
1;Taussig, Miss. Ruth;female;18;New York;high;79.65;2
0;Taussig, Mr. Emil;male;52;New York;high;79.65;2
1;Taussig, Mrs. Emil (Tillie Mandelbaum);female;39;New York;high;79.65;2
1;Taylor, Mr. Elmer Zebley;male;48;New York;high;52;1
0;Thayer, Mr. John Borland;male;49;London;high;110.88;2
1;Thayer, Mr. John Borland Jr;male;17;London;high;110.88;2
1;Thayer, Mrs. John Borland (Marian Longstreth Morris);female;39;London;high;110.88;2
1;Tucker, Mr. Gilbert Milligan Jr;male;31;London;high;28.54;0
0;Uruchurtu, Don. Manuel E;male;40;London;high;27.72;0
0;Van der hoef, Mr. Wyckoff;male;61;New York;high;33.5;0
0;Walker, Mr. William Anderson;male;47;New York;high;34.02;0
1;Ward, Miss. Anna;female;35;London;high;512.33;0
0;Warren, Mr. Frank Manley;male;64;London;high;75.25;1
1;Warren, Mrs. Frank Manley (Anna Sophia Atkinson);female;60;London;high;75.25;1
0;Weir, Col. John;male;60;New York;high;26.55;0
0;White, Mr. Percival Wayland;male;54;New York;high;77.29;1
0;White, Mr. Richard Frasar;male;21;New York;high;77.29;1
1;White, Mrs. John Stuart (Ella Holmes);female;55;London;high;135.63;0
1;Wick, Miss. Mary Natalie;female;31;New York;high;164.87;2
0;Wick, Mr. George Dennick;male;57;New York;high;164.87;2
1;Wick, Mrs. George Dennick (Mary Hitchcock);female;45;New York;high;164.87;2
0;Widener, Mr. George Dunton;male;50;London;high;211.5;2
0;Widener, Mr. Harry Elkins;male;27;London;high;211.5;2
1;Widener, Mrs. George Dunton (Eleanor Elkins);female;50;London;high;211.5;2
1;Willard, Miss. Constance;female;21;New York;high;26.55;0
0;Williams, Mr. Charles Duane;male;51;London;high;61.38;1
1;Williams, Mr. Richard Norris II;male;21;London;high;61.38;1
1;Wilson, Miss. Helen Alice;female;31;London;high;134.5;0
0;Wright, Mr. George;male;62;New York;high;26.55;0
1;Young, Miss. Marie Grice;female;36;London;high;135.63;0
0;Abelson, Mr. Samuel;male;30;London;medium;24;1
1;Abelson, Mrs. Samuel (Hannah Wizosky);female;28;London;medium;24;1
0;Aldworth, Mr. Charles Augustus;male;30;New York;medium;13;0
0;Andrew, Mr. Edgardo Samuel;male;18;New York;medium;11.5;0
0;Andrew, Mr. Frank Thomas;male;25;New York;medium;10.5;0
0;Angle, Mr. William A;male;34;New York;medium;26;1
1;Angle, Mrs. William A (Florence Mary Agnes Hughes);female;36;New York;medium;26;1
0;Ashby, Mr. John;male;57;New York;medium;13;0
0;Bailey, Mr. Percy Andrew;male;18;New York;medium;11.5;0
0;Baimbrigge, Mr. Charles Robert;male;23;New York;medium;10.5;0
1;Ball, Mrs. (Ada E Hall);female;36;New York;medium;13;0
0;Banfield, Mr. Frederick James;male;28;New York;medium;10.5;0
0;Bateman, Rev. Robert James;male;51;New York;medium;12.53;0
1;Beane, Mr. Edward;male;32;New York;medium;26;1
1;Beane, Mrs. Edward (Ethel Clarke);female;19;New York;medium;26;1
0;Beauchamp, Mr. Henry James;male;28;New York;medium;26;0
1;Becker, Master. Richard F;male;1;New York;medium;39;3
1;Becker, Miss. Marion Louise;female;4;New York;medium;39;3
1;Becker, Miss. Ruth Elizabeth;female;12;New York;medium;39;3
1;Becker, Mrs. Allen Oliver (Nellie E Baumgardner);female;36;New York;medium;39;3
1;Beesley, Mr. Lawrence;male;34;New York;medium;13;0
1;Bentham, Miss. Lilian W;female;19;New York;medium;13;0
0;Berriman, Mr. William John;male;23;New York;medium;13;0
0;Botsford, Mr. William Hull;male;26;New York;medium;13;0
0;Bowenur, Mr. Solomon;male;42;New York;medium;13;0
0;Bracken, Mr. James H;male;27;New York;medium;13;0
1;Brown, Miss. Amelia Mildred;female;24;New York;medium;13;0
1;Brown, Miss. Edith Eileen;female;15;New York;medium;39;2
0;Brown, Mr. Thomas William Solomon;male;60;New York;medium;39;2
1;Brown, Mrs. Thomas William Solomon (Elizabeth Catherine Ford);female;40;New York;medium;39;2
1;Bryhl, Miss. Dagmar Jenny Ingeborg;female;20;New York;medium;26;1
0;Bryhl, Mr. Kurt Arnold Gottfrid;male;25;New York;medium;26;1
1;Buss, Miss. Kate;female;36;New York;medium;13;0
0;Butler, Mr. Reginald Fenton;male;25;New York;medium;13;0
0;Byles, Rev. Thomas Roussel Davids;male;42;New York;medium;13;0
1;Bystrom, Mrs. (Karolina);female;42;New York;medium;13;0
1;Caldwell, Master. Alden Gates;male;1;New York;medium;29;2
1;Caldwell, Mr. Albert Francis;male;26;New York;medium;29;2
1;Caldwell, Mrs. Albert Francis (Sylvia Mae Harbaugh);female;22;New York;medium;29;2
1;Cameron, Miss. Clear Annie;female;35;New York;medium;21;0
0;Carbines, Mr. William;male;19;New York;medium;13;0
0;Carter, Mrs. Ernest Courtenay (Lilian Hughes);female;44;New York;medium;26;1
0;Carter, Rev. Ernest Courtenay;male;54;New York;medium;26;1
0;Chapman, Mr. Charles Henry;male;52;New York;medium;13.5;0
0;Chapman, Mr. John Henry;male;37;New York;medium;26;1
0;Chapman, Mrs. John Henry (Sara Elizabeth Lawry);female;29;New York;medium;26;1
1;Christy, Miss. Julie Rachel;female;25;New York;medium;30;2
1;Christy, Mrs. (Alice Frances);female;45;New York;medium;30;2
0;Clarke, Mr. Charles Valentine;male;29;New York;medium;26;1
1;Clarke, Mrs. Charles V (Ada Maria Winfield);female;28;New York;medium;26;1
0;Coleridge, Mr. Reginald Charles;male;29;New York;medium;10.5;0
0;Collander, Mr. Erik Gustaf;male;28;New York;medium;13;0
1;Collett, Mr. Sidney C Stuart;male;24;New York;medium;10.5;0
1;Collyer, Miss. Marjorie Lottie;female;8;New York;medium;26.25;2
0;Collyer, Mr. Harvey;male;31;New York;medium;26.25;2
1;Collyer, Mrs. Harvey (Charlotte Annie Tate);female;31;New York;medium;26.25;2
1;Cook, Mrs. (Selena Rogers);female;22;New York;medium;10.5;0
0;Corbett, Mrs. Walter H (Irene Colvin);female;30;New York;medium;13;0
0;Cotterill, Mr. Henry Harry;male;21;New York;medium;11.5;0
1;Davies, Master. John Morgan Jr;male;8;New York;medium;36.75;2
0;Davies, Mr. Charles Henry;male;18;New York;medium;73.5;0
1;Davies, Mrs. John Morgan (Elizabeth Agnes Mary White);female;48;New York;medium;36.75;2
1;Davis, Miss. Mary;female;28;New York;medium;13;0
0;de Brito, Mr. Jose Joaquim;male;32;New York;medium;13;0
0;Deacon, Mr. Percy William;male;17;New York;medium;73.5;0
0;del Carlo, Mr. Sebastiano;male;29;London;medium;27.72;1
1;del Carlo, Mrs. Sebastiano (Argenia Genovesi);female;24;London;medium;27.72;1
0;Denbury, Mr. Herbert;male;25;New York;medium;31.5;0
0;Dibden, Mr. William;male;18;New York;medium;73.5;0
1;Doling, Miss. Elsie;female;18;New York;medium;23;1
1;Doling, Mrs. John T (Ada Julia Bone);female;34;New York;medium;23;1
0;Downton, Mr. William James;male;54;New York;medium;26;0
1;Drew, Master. Marshall Brines;male;8;New York;medium;32.5;2
0;Drew, Mr. James Vivian;male;42;New York;medium;32.5;2
1;Drew, Mrs. James Vivian (Lulu Thorne Christian);female;34;New York;medium;32.5;2
1;Duran y More, Miss. Asuncion;female;27;London;medium;13.86;1
1;Duran y More, Miss. Florentina;female;30;London;medium;13.86;1
0;Eitemiller, Mr. George Floyd;male;23;New York;medium;13;0
0;Enander, Mr. Ingvar;male;21;New York;medium;13;0
0;Fahlstrom, Mr. Arne Jonas;male;18;New York;medium;13;0
0;Faunthorpe, Mr. Harry;male;40;New York;medium;26;1
1;Faunthorpe, Mrs. Lizzie (Elizabeth Anne Wilkinson);female;29;New York;medium;26;1
0;Fillbrook, Mr. Joseph Charles;male;18;New York;medium;10.5;0
0;Fox, Mr. Stanley Hubert;male;36;New York;medium;13;0
0;Funk, Miss. Annie Clemmer;female;38;New York;medium;13;0
0;Fynney, Mr. Joseph J;male;35;New York;medium;26;0
0;Gale, Mr. Harry;male;38;New York;medium;21;1
0;Gale, Mr. Shadrach;male;34;New York;medium;21;1
1;Garside, Miss. Ethel;female;34;New York;medium;13;0
0;Gaskell, Mr. Alfred;male;16;New York;medium;26;0
0;Gavey, Mr. Lawrence;male;26;New York;medium;10.5;0
0;Gilbert, Mr. William;male;47;New York;medium;10.5;0
0;Giles, Mr. Edgar;male;21;New York;medium;11.5;1
0;Giles, Mr. Frederick Edward;male;21;New York;medium;11.5;1
0;Giles, Mr. Ralph;male;24;New York;medium;13.5;0
0;Gill, Mr. John William;male;24;New York;medium;13;0
0;Gillespie, Mr. William Henry;male;34;New York;medium;13;0
0;Givard, Mr. Hans Kristensen;male;30;New York;medium;13;0
0;Greenberg, Mr. Samuel;male;52;New York;medium;13;0
0;Hale, Mr. Reginald;male;30;New York;medium;13;0
1;Hamalainen, Master. Viljo;male;1;New York;medium;14.5;2
1;Hamalainen, Mrs. William (Anna);female;24;New York;medium;14.5;2
0;Harbeck, Mr. William H;male;44;New York;medium;13;0
1;Harper, Miss. Annie Jessie Nina;female;6;New York;medium;33;1
0;Harper, Rev. John;male;28;New York;medium;33;1
1;Harris, Mr. George;male;62;New York;medium;10.5;0
0;Harris, Mr. Walter;male;30;New York;medium;10.5;0
1;Hart, Miss. Eva Miriam;female;7;New York;medium;26.25;2
0;Hart, Mr. Benjamin;male;43;New York;medium;26.25;2
1;Hart, Mrs. Benjamin (Esther Ada Bloomfield);female;45;New York;medium;26.25;2
1;Herman, Miss. Alice;female;24;New York;medium;65;3
1;Herman, Miss. Kate;female;24;New York;medium;65;3
0;Herman, Mr. Samuel;male;49;New York;medium;65;3
1;Herman, Mrs. Samuel (Jane Laver);female;48;New York;medium;65;3
1;Hewlett, Mrs. (Mary D Kingcome);female;55;New York;medium;16;0
0;Hickman, Mr. Leonard Mark;male;24;New York;medium;73.5;2
0;Hickman, Mr. Lewis;male;32;New York;medium;73.5;2
0;Hickman, Mr. Stanley George;male;21;New York;medium;73.5;2
0;Hiltunen, Miss. Marta;female;18;New York;medium;13;2
1;Hocking, Miss. Ellen Nellie;female;20;New York;medium;23;3
0;Hocking, Mr. Richard George;male;23;New York;medium;11.5;3
0;Hocking, Mr. Samuel James Metcalfe;male;36;New York;medium;13;0
1;Hocking, Mrs. Elizabeth (Eliza Needs);female;54;New York;medium;23;4
0;Hodges, Mr. Henry Price;male;50;New York;medium;13;0
0;Hold, Mr. Stephen;male;44;New York;medium;26;1
1;Hold, Mrs. Stephen (Annie Margaret Hill);female;29;New York;medium;26;1
0;Hood, Mr. Ambrose Jr;male;21;New York;medium;73.5;0
1;Hosono, Mr. Masabumi;male;42;New York;medium;13;0
0;Howard, Mr. Benjamin;male;63;New York;medium;26;1
0;Howard, Mrs. Benjamin (Ellen Truelove Arman);female;60;New York;medium;26;1
0;Hunt, Mr. George Henry;male;33;New York;medium;12.28;0
1;Ilett, Miss. Bertha;female;17;New York;medium;10.5;0
0;Jacobsohn, Mr. Sidney Samuel;male;42;New York;medium;27;1
1;Jacobsohn, Mrs. Sidney Samuel (Amy Frances Christy);female;24;New York;medium;27;3
0;Jarvis, Mr. John Denzil;male;47;New York;medium;15;0
0;Jefferys, Mr. Clifford Thomas;male;24;New York;medium;31.5;2
0;Jefferys, Mr. Ernest Wilfred;male;22;New York;medium;31.5;2
0;Jenkin, Mr. Stephen Curnow;male;32;New York;medium;10.5;0
1;Jerwan, Mrs. Amin S (Marie Marthe Thuillard);female;23;London;medium;13.79;0
0;Kantor, Mr. Sinai;male;34;New York;medium;26;1
1;Kantor, Mrs. Sinai (Miriam Sternin);female;24;New York;medium;26;1
0;Karnes, Mrs. J Frank (Claire Bennett);female;22;New York;medium;21;0
0;Keane, Mr. Daniel;male;35;Q;medium;12.35;0
1;Kelly, Mrs. Florence Fannie;female;45;New York;medium;13.5;0
0;Kirkland, Rev. Charles Leonard;male;57;Q;medium;12.35;0
0;Kvillner, Mr. Johan Henrik Johannesson;male;31;New York;medium;10.5;0
0;Lahtinen, Mrs. William (Anna Sylfven);female;26;New York;medium;26;2
0;Lahtinen, Rev. William;male;30;New York;medium;26;2
1;Laroche, Miss. Louise;female;1;London;medium;41.58;3
1;Laroche, Miss. Simonne Marie Anne Andree;female;3;London;medium;41.58;3
0;Laroche, Mr. Joseph Philippe Lemercier;male;25;London;medium;41.58;3
1;Laroche, Mrs. Joseph (Juliette Marie Louise Lafargue);female;22;London;medium;41.58;3
1;Lehmann, Miss. Bertha;female;17;London;medium;12;0
1;Lemore, Mrs. (Amelia Milley);female;34;New York;medium;10.5;0
0;Levy, Mr. Rene Jacques;male;36;London;medium;12.88;0
0;Leyson, Mr. Robert William Norman;male;24;New York;medium;10.5;0
0;Lingane, Mr. John;male;61;Q;medium;12.35;0
0;Louch, Mr. Charles Alexander;male;50;New York;medium;26;1
1;Louch, Mrs. Charles Alexander (Alice Adelaide Slow);female;42;New York;medium;26;1
0;Mack, Mrs. (Mary);female;57;New York;medium;10.5;0
1;Mallet, Master. Andre;male;1;London;medium;37;2
0;Mallet, Mr. Albert;male;31;London;medium;37;2
1;Mallet, Mrs. Albert (Antoinette Magnin);female;24;London;medium;37;2
0;Matthews, Mr. William John;male;30;New York;medium;13;0
0;Maybery, Mr. Frank Hubert;male;40;New York;medium;16;0
0;McCrae, Mr. Arthur Gordon;male;32;New York;medium;13.5;0
0;McCrie, Mr. James Matthew;male;30;New York;medium;13;0
0;McKane, Mr. Peter David;male;46;New York;medium;26;0
1;Mellinger, Miss. Madeleine Violet;female;13;New York;medium;19.5;1
1;Mellinger, Mrs. (Elizabeth Anne Maidment);female;41;New York;medium;19.5;1
1;Mellors, Mr. William John;male;19;New York;medium;10.5;0
0;Meyer, Mr. August;male;39;New York;medium;13;0
0;Milling, Mr. Jacob Christian;male;48;New York;medium;13;0
0;Mitchell, Mr. Henry Michael;male;70;New York;medium;10.5;0
0;Montvila, Rev. Juozas;male;27;New York;medium;13;0
0;Moraweck, Dr. Ernest;male;54;New York;medium;14;0
0;Morley, Mr. Henry Samuel (Mr Henry Marshall);male;39;New York;medium;26;0
0;Mudd, Mr. Thomas Charles;male;16;New York;medium;10.5;0
0;Myles, Mr. Thomas Francis;male;62;Q;medium;9.69;0
0;Nasser, Mr. Nicholas;male;32;London;medium;30.07;1
1;Nasser, Mrs. Nicholas (Adele Achem);female;14;London;medium;30.07;1
1;Navratil, Master. Edmond Roger;male;2;New York;medium;26;2
1;Navratil, Master. Michel M;male;3;New York;medium;26;2
0;Navratil, Mr. Michel (Louis M Hoffman);male;36;New York;medium;26;2
0;Nesson, Mr. Israel;male;26;New York;medium;13;0
0;Nicholls, Mr. Joseph Charles;male;19;New York;medium;36.75;2
0;Norman, Mr. Robert Douglas;male;28;New York;medium;13.5;0
1;Nourney, Mr. Alfred (Baron von Drachstedt);male;20;London;medium;13.86;0
1;Nye, Mrs. (Elizabeth Ramell);female;29;New York;medium;10.5;0
0;Otter, Mr. Richard;male;39;New York;medium;13;0
1;Oxenham, Mr. Percy Thomas;male;22;New York;medium;10.5;0
0;Pain, Dr. Alfred;male;23;New York;medium;10.5;0
1;Pallas y Castello, Mr. Emilio;male;29;London;medium;13.86;0
0;Parker, Mr. Clifford Richard;male;28;New York;medium;10.5;0
1;Parrish, Mrs. (Lutie Davis);female;50;New York;medium;26;1
0;Pengelly, Mr. Frederick William;male;19;New York;medium;10.5;0
0;Peruschitz, Rev. Joseph Maria;male;41;New York;medium;13;0
1;Phillips, Miss. Alice Frances Louisa;female;21;New York;medium;21;1
1;Phillips, Miss. Kate Florence (Mrs Kate Louise Phillips Marshall);female;19;New York;medium;26;0
0;Phillips, Mr. Escott Robert;male;43;New York;medium;21;1
1;Pinsky, Mrs. (Rosa);female;32;New York;medium;13;0
0;Ponesell, Mr. Martin;male;34;New York;medium;13;0
1;Portaluppi, Mr. Emilio Ilario Giuseppe;male;30;London;medium;12.74;0
0;Pulbaum, Mr. Franz;male;27;London;medium;15.03;0
1;Quick, Miss. Phyllis May;female;2;New York;medium;26;2
1;Quick, Miss. Winifred Vera;female;8;New York;medium;26;2
1;Quick, Mrs. Frederick Charles (Jane Richards);female;33;New York;medium;26;2
0;Reeves, Mr. David;male;36;New York;medium;10.5;0
0;Renouf, Mr. Peter Henry;male;34;New York;medium;21;1
1;Renouf, Mrs. Peter Henry (Lillian Jefferys);female;30;New York;medium;21;3
1;Reynaldo, Ms. Encarnacion;female;28;New York;medium;13;0
0;Richard, Mr. Emile;male;23;London;medium;15.05;0
1;Richards, Master. George Sibley;male;1;New York;medium;18.75;2
1;Richards, Master. William Rowe;male;3;New York;medium;18.75;2
1;Richards, Mrs. Sidney (Emily Hocking);female;24;New York;medium;18.75;5
1;Ridsdale, Miss. Lucy;female;50;New York;medium;10.5;0
0;Rogers, Mr. Reginald Harry;male;19;New York;medium;10.5;0
1;Rugg, Miss. Emily;female;21;New York;medium;10.5;0
0;Schmidt, Mr. August;male;26;New York;medium;13;0
0;Sedgwick, Mr. Charles Frederick Waddington;male;25;New York;medium;13;0
0;Sharp, Mr. Percival James R;male;27;New York;medium;26;0
1;Shelley, Mrs. William (Imanita Parrish Hall);female;25;New York;medium;26;1
1;Silven, Miss. Lyyli Karoliina;female;18;New York;medium;13;2
1;Sincock, Miss. Maude;female;20;New York;medium;36.75;0
1;Sinkkonen, Miss. Anna;female;30;New York;medium;13;0
0;Sjostedt, Mr. Ernst Adolf;male;59;New York;medium;13.5;0
1;Slayter, Miss. Hilda Mary;female;30;Q;medium;12.35;0
0;Slemen, Mr. Richard James;male;35;New York;medium;10.5;0
1;Smith, Miss. Marion Elsie;female;40;New York;medium;13;0
0;Sobey, Mr. Samuel James Hayden;male;25;New York;medium;13;0
0;Stanton, Mr. Samuel Ward;male;41;London;medium;15.05;0
0;Stokes, Mr. Philip Joseph;male;25;New York;medium;10.5;0
0;Swane, Mr. George;male;18;New York;medium;13;0
0;Sweet, Mr. George Frederick;male;14;New York;medium;65;0
1;Toomey, Miss. Ellen;female;50;New York;medium;10.5;0
0;Troupiansky, Mr. Moses Aaron;male;23;New York;medium;13;0
1;Trout, Mrs. William H (Jessie L);female;28;New York;medium;12.65;0
1;Troutt, Miss. Edwina Celia Winnie;female;27;New York;medium;10.5;0
0;Turpin, Mr. William John Robert;male;29;New York;medium;21;1
0;Turpin, Mrs. William John Robert (Dorothy Ann Wonnacott);female;27;New York;medium;21;1
0;Veal, Mr. James;male;40;New York;medium;13;0
1;Walcroft, Miss. Nellie;female;31;New York;medium;21;0
0;Ware, Mr. John James;male;30;New York;medium;21;1
0;Ware, Mr. William Jeffery;male;23;New York;medium;10.5;1
1;Ware, Mrs. John James (Florence Louise Long);female;31;New York;medium;21;0
1;Watt, Miss. Bertha J;female;12;New York;medium;15.75;0
1;Watt, Mrs. James (Elizabeth Bessie Inglis Milne);female;40;New York;medium;15.75;0
1;Webber, Miss. Susan;female;32;New York;medium;13;0
0;Weisz, Mr. Leopold;male;27;New York;medium;26;1
1;Weisz, Mrs. Leopold (Mathilde Francoise Pede);female;29;New York;medium;26;1
1;Wells, Master. Ralph Lester;male;2;New York;medium;23;2
1;Wells, Miss. Joan;female;4;New York;medium;23;2
1;Wells, Mrs. Arthur Henry (Addie Dart Trevaskis);female;29;New York;medium;23;2
1;West, Miss. Barbara J;female;1;New York;medium;27.75;3
1;West, Miss. Constance Mirium;female;5;New York;medium;27.75;3
0;West, Mr. Edwy Arthur;male;36;New York;medium;27.75;3
1;West, Mrs. Edwy Arthur (Ada Mary Worth);female;33;New York;medium;27.75;3
0;Wheadon, Mr. Edward H;male;66;New York;medium;10.5;0
1;Wilhelms, Mr. Charles;male;31;New York;medium;13;0
1;Wright, Miss. Marion;female;26;New York;medium;13.5;0
0;Yrois, Miss. Henriette (Mrs Harbeck);female;24;New York;medium;13;0
0;Abbing, Mr. Anthony;male;42;New York;low;7.55;0
0;Abbott, Master. Eugene Joseph;male;13;New York;low;20.25;2
0;Abbott, Mr. Rossmore Edward;male;16;New York;low;20.25;2
1;Abbott, Mrs. Stanton (Rosa Hunt);female;35;New York;low;20.25;2
1;Abelseth, Miss. Karen Marie;female;16;New York;low;7.65;0
1;Abelseth, Mr. Olaus Jorgensen;male;25;New York;low;7.65;0
1;Abrahamsson, Mr. Abraham August Johannes;male;20;New York;low;7.92;0
1;Abrahim, Mrs. Joseph (Sophie Halaut Easu);female;18;London;low;7.23;0
0;Adahl, Mr. Mauritz Nils Martin;male;30;New York;low;7.25;0
0;Adams, Mr. John;male;26;New York;low;8.05;0
0;Ahlin, Mrs. Johan (Johanna Persdotter Larsson);female;40;New York;low;9.47;1
1;Aks, Master. Philip Frank;male;1;New York;low;9.35;1
1;Aks, Mrs. Sam (Leah Rosen);female;18;New York;low;9.35;1
1;Albimona, Mr. Nassef Cassem;male;26;London;low;18.79;0
0;Alexander, Mr. William;male;26;New York;low;7.89;0
0;Alhomaki, Mr. Ilmari Rudolf;male;20;New York;low;7.92;0
0;Ali, Mr. Ahmed;male;24;New York;low;7.05;0
0;Ali, Mr. William;male;25;New York;low;7.05;0
0;Allen, Mr. William Henry;male;35;New York;low;8.05;0
0;Allum, Mr. Owen George;male;18;New York;low;8.3;0
0;Andersen, Mr. Albert Karvin;male;32;New York;low;22.52;0
1;Andersen-Jensen, Miss. Carla Christine Nielsine;female;19;New York;low;7.85;1
0;Andersson, Master. Sigvard Harald Elias;male;4;New York;low;31.27;6
0;Andersson, Miss. Ebba Iris Alfrida;female;6;New York;low;31.27;6
0;Andersson, Miss. Ellis Anna Maria;female;2;New York;low;31.27;6
1;Andersson, Miss. Erna Alexandra;female;17;New York;low;7.92;6
0;Andersson, Miss. Ida Augusta Margareta;female;38;New York;low;7.78;6
0;Andersson, Miss. Ingeborg Constanzia;female;9;New York;low;31.27;6
0;Andersson, Miss. Sigrid Elisabeth;female;11;New York;low;31.27;6
0;Andersson, Mr. Anders Johan;male;39;New York;low;31.27;6
1;Andersson, Mr. August Edvard (Wennerstrom);male;27;New York;low;7.8;0
0;Andersson, Mr. Johan Samuel;male;26;New York;low;7.78;0
0;Andersson, Mrs. Anders Johan (Alfrida Konstantia Brogren);female;39;New York;low;31.27;6
0;Andreasson, Mr. Paul Edvin;male;20;New York;low;7.85;0
0;Angheloff, Mr. Minko;male;26;New York;low;7.9;0
0;Arnold-Franchi, Mr. Josef;male;25;New York;low;17.8;1
0;Arnold-Franchi, Mrs. Josef (Josefine Franchi);female;18;New York;low;17.8;1
0;Aronsson, Mr. Ernst Axel Algot;male;24;New York;low;7.78;0
0;Asim, Mr. Adola;male;35;New York;low;7.05;0
0;Asplund, Master. Carl Edgar;male;5;New York;low;31.39;6
0;Asplund, Master. Clarence Gustaf Hugo;male;9;New York;low;31.39;6
1;Asplund, Master. Edvin Rojj Felix;male;3;New York;low;31.39;6
0;Asplund, Master. Filip Oscar;male;13;New York;low;31.39;6
1;Asplund, Miss. Lillian Gertrud;female;5;New York;low;31.39;6
0;Asplund, Mr. Carl Oscar Vilhelm Gustafsson;male;40;New York;low;31.39;6
1;Asplund, Mr. Johan Charles;male;23;New York;low;7.8;0
1;Asplund, Mrs. Carl Oscar (Selma Augusta Emilia Johansson);female;38;New York;low;31.39;6
1;Assaf Khalil, Mrs. Mariana (Miriam);female;45;London;low;7.22;0
0;Assaf, Mr. Gerios;male;21;London;low;7.22;0
0;Assam, Mr. Ali;male;23;New York;low;7.05;0
0;Attalah, Miss. Malake;female;17;London;low;14.46;0
0;Attalah, Mr. Sleiman;male;30;London;low;7.22;0
0;Augustsson, Mr. Albert;male;23;New York;low;7.85;0
1;Ayoub, Miss. Banoura;female;13;London;low;7.23;0
0;Baccos, Mr. Raffull;male;20;London;low;7.22;0
0;Backstrom, Mr. Karl Alfred;male;32;New York;low;15.85;1
1;Backstrom, Mrs. Karl Alfred (Maria Mathilda Gustafsson);female;33;New York;low;15.85;3
1;Baclini, Miss. Eugenie;female;1;London;low;19.26;3
1;Baclini, Miss. Helene Barbara;female;1;London;low;19.26;3
1;Baclini, Miss. Marie Catherine;female;5;London;low;19.26;3
1;Baclini, Mrs. Solomon (Latifa Qurban);female;24;London;low;19.26;3
1;Badman, Miss. Emily Louisa;female;18;New York;low;8.05;0
0;Badt, Mr. Mohamed;male;40;London;low;7.22;0
0;Balkic, Mr. Cerin;male;26;New York;low;7.9;0
1;Barah, Mr. Hanna Assi;male;20;London;low;7.23;0
0;Barbara, Miss. Saiide;female;18;London;low;14.45;1
0;Barbara, Mrs. (Catherine David);female;45;London;low;14.45;1
0;Barry, Miss. Julia;female;27;Q;low;7.88;0
0;Barton, Mr. David John;male;22;New York;low;8.05;0
0;Beavan, Mr. William Thomas;male;19;New York;low;8.05;0
0;Bengtsson, Mr. John Viktor;male;26;New York;low;7.78;0
0;Berglund, Mr. Karl Ivar Sven;male;22;New York;low;9.35;0
0;Betros, Mr. Tannous;male;20;London;low;4.01;0
1;Bing, Mr. Lee;male;32;New York;low;56.5;0
0;Birkeland, Mr. Hans Martin Monsen;male;21;New York;low;7.78;0
0;Bjorklund, Mr. Ernst Herbert;male;18;New York;low;7.75;0
0;Bostandyeff, Mr. Guentcho;male;26;New York;low;7.9;0
0;Boulos, Master. Akar;male;6;London;low;15.25;2
0;Boulos, Miss. Nourelain;female;9;London;low;15.25;2
0;Bourke, Mr. John;male;40;Q;low;15.5;2
0;Bourke, Mrs. John (Catherine);female;32;Q;low;15.5;2
0;Bowen, Mr. David John Dai;male;21;New York;low;16.1;0
1;Bradley, Miss. Bridget Delia;female;22;Q;low;7.72;0
0;Braf, Miss. Elin Ester Maria;female;20;New York;low;7.85;0
0;Braund, Mr. Lewis Richard;male;29;New York;low;7.05;1
0;Braund, Mr. Owen Harris;male;22;New York;low;7.25;1
0;Brobeck, Mr. Karl Rudolf;male;22;New York;low;7.8;0
0;Brocklebank, Mr. William Alfred;male;35;New York;low;8.05;0
0;Buckley, Miss. Katherine;female;18;Q;low;7.28;0
1;Buckley, Mr. Daniel;male;21;Q;low;7.82;0
0;Burke, Mr. Jeremiah;male;19;Q;low;6.75;0
0;Burns, Miss. Mary Delia;female;18;Q;low;7.88;0
0;Cacic, Miss. Manda;female;21;New York;low;8.66;0
0;Cacic, Miss. Marija;female;30;New York;low;8.66;0
0;Cacic, Mr. Jego Grga;male;18;New York;low;8.66;0
0;Cacic, Mr. Luka;male;38;New York;low;8.66;0
0;Calic, Mr. Jovo;male;17;New York;low;8.66;0
0;Calic, Mr. Petar;male;17;New York;low;8.66;0
0;Canavan, Miss. Mary;female;21;Q;low;7.75;0
0;Canavan, Mr. Patrick;male;21;Q;low;7.75;0
0;Cann, Mr. Ernest Charles;male;21;New York;low;8.05;0
0;Carlsson, Mr. August Sigfrid;male;28;New York;low;7.8;0
0;Carlsson, Mr. Carl Robert;male;24;New York;low;7.85;0
1;Carr, Miss. Helen Ellen;female;16;Q;low;7.75;0
0;Carr, Miss. Jeannie;female;37;Q;low;7.75;0
0;Carver, Mr. Alfred John;male;28;New York;low;7.25;0
0;Celotti, Mr. Francesco;male;24;New York;low;8.05;0
0;Charters, Mr. David;male;21;Q;low;7.73;0
1;Chip, Mr. Chang;male;32;New York;low;56.5;0
0;Christmann, Mr. Emil;male;29;New York;low;8.05;0
0;Chronopoulos, Mr. Apostolos;male;26;London;low;14.45;1
0;Chronopoulos, Mr. Demetrios;male;18;London;low;14.45;1
0;Coelho, Mr. Domingos Fernandeo;male;20;New York;low;7.05;0
1;Cohen, Mr. Gurshon Gus;male;18;New York;low;8.05;0
0;Colbert, Mr. Patrick;male;24;Q;low;7.25;0
0;Coleff, Mr. Peju;male;36;New York;low;7.5;0
0;Coleff, Mr. Satio;male;24;New York;low;7.5;0
0;Conlon, Mr. Thomas Henry;male;31;Q;low;7.73;0
0;Connaghton, Mr. Michael;male;31;Q;low;7.75;0
1;Connolly, Miss. Kate;female;22;Q;low;7.75;0
0;Connors, Mr. Patrick;male;70;Q;low;7.75;0
0;Cook, Mr. Jacob;male;43;New York;low;8.05;0
0;Cor, Mr. Bartol;male;35;New York;low;7.9;0
0;Cor, Mr. Ivan;male;27;New York;low;7.9;0
0;Cor, Mr. Liudevit;male;19;New York;low;7.9;0
0;Corn, Mr. Harry;male;30;New York;low;8.05;0
1;Coutts, Master. Eden Leslie Neville;male;9;New York;low;15.9;2
1;Coutts, Master. William Loch William;male;3;New York;low;15.9;2
1;Coutts, Mrs. William (Winnie Minnie Treanor);female;36;New York;low;15.9;2
0;Coxon, Mr. Daniel;male;59;New York;low;7.25;0
0;Crease, Mr. Ernest James;male;19;New York;low;8.16;0
1;Cribb, Miss. Laura Alice;female;17;New York;low;16.1;1
0;Cribb, Mr. John Hatfield;male;44;New York;low;16.1;1
0;Culumovic, Mr. Jeso;male;17;New York;low;8.66;0
0;Daher, Mr. Shedid;male;22;London;low;7.22;0
1;Dahl, Mr. Karl Edwart;male;45;New York;low;8.05;0
0;Dahlberg, Miss. Gerda Ulrika;female;22;New York;low;10.52;0
0;Dakic, Mr. Branko;male;19;New York;low;10.17;0
1;Daly, Miss. Margaret Marcella Maggie;female;30;Q;low;6.95;0
1;Daly, Mr. Eugene Patrick;male;29;Q;low;7.75;0
0;Danbom, Master. Gilbert Sigvard Emanuel;male;0;New York;low;14.4;2
0;Danbom, Mr. Ernst Gilbert;male;34;New York;low;14.4;2
0;Danbom, Mrs. Ernst Gilbert (Anna Sigrid Maria Brogren);female;28;New York;low;14.4;2
0;Danoff, Mr. Yoto;male;27;New York;low;7.9;0
0;Dantcheff, Mr. Ristiu;male;25;New York;low;7.9;0
0;Davies, Mr. Alfred J;male;24;New York;low;24.15;2
0;Davies, Mr. Evan;male;22;New York;low;8.05;0
0;Davies, Mr. John Samuel;male;21;New York;low;24.15;2
0;Davies, Mr. Joseph;male;17;New York;low;8.05;2
1;de Messemaeker, Mr. Guillaume Joseph;male;36;New York;low;17.4;1
1;de Messemaeker, Mrs. Guillaume Joseph (Emma);female;36;New York;low;17.4;1
1;de Mulder, Mr. Theodore;male;30;New York;low;9.5;0
0;de Pelsmaeker, Mr. Alfons;male;16;New York;low;9.5;0
1;Dean, Master. Bertram Vere;male;1;New York;low;20.57;3
1;Dean, Miss. Elizabeth Gladys Millvina;female;0;New York;low;20.57;3
0;Dean, Mr. Bertram Frank;male;26;New York;low;20.57;3
1;Dean, Mrs. Bertram (Eva Georgetta Light);female;33;New York;low;20.57;3
0;Delalic, Mr. Redjo;male;25;New York;low;7.9;0
0;Dennis, Mr. Samuel;male;22;New York;low;7.25;0
0;Dennis, Mr. William;male;36;New York;low;7.25;0
1;Devaney, Miss. Margaret Delia;female;19;Q;low;7.88;0
0;Dika, Mr. Mirko;male;17;New York;low;7.9;0
0;Dimic, Mr. Jovan;male;42;New York;low;8.66;0
0;Dintcheff, Mr. Valtcho;male;43;New York;low;7.9;0
0;Dooley, Mr. Patrick;male;32;Q;low;7.75;0
1;Dorking, Mr. Edward Arthur;male;19;New York;low;8.05;0
1;Dowdell, Miss. Elizabeth;female;30;New York;low;12.47;0
0;Doyle, Miss. Elizabeth;female;24;Q;low;7.75;0
1;Drapkin, Miss. Jennie;female;23;New York;low;8.05;0
0;Drazenoic, Mr. Jozef;male;33;London;low;7.9;0
0;Duane, Mr. Frank;male;65;Q;low;7.75;0
1;Duquemin, Mr. Joseph;male;24;New York;low;7.55;0
0;Dyker, Mr. Adolf Fredrik;male;23;New York;low;13.9;1
1;Dyker, Mrs. Adolf Fredrik (Anna Elisabeth Judith Andersson);female;22;New York;low;13.9;1
0;Edvardsson, Mr. Gustaf Hjalmar;male;18;New York;low;7.78;0
0;Eklund, Mr. Hans Linus;male;16;New York;low;7.78;0
0;Ekstrom, Mr. Johan;male;45;New York;low;6.97;0
0;Elias, Mr. Joseph;male;39;London;low;7.23;2
0;Elias, Mr. Joseph Jr;male;17;London;low;7.23;2
0;Elias, Mr. Tannous;male;15;London;low;7.23;2
0;Elsbury, Mr. William James;male;47;New York;low;7.25;0
1;Emanuel, Miss. Virginia Ethel;female;5;New York;low;12.47;0
0;Everett, Mr. Thomas James;male;40;New York;low;15.1;0
0;Farrell, Mr. James;male;40;Q;low;7.75;0
0;Fischer, Mr. Eberhard Thelander;male;18;New York;low;7.8;0
0;Foley, Mr. Joseph;male;26;Q;low;7.88;0
0;Ford, Miss. Doolina Margaret Daisy;female;21;New York;low;34.38;4
0;Ford, Miss. Robina Maggie Ruby;female;9;New York;low;34.38;4
0;Ford, Mr. Edward Watson;male;18;New York;low;34.38;4
0;Ford, Mr. William Neal;male;16;New York;low;34.38;4
0;Ford, Mrs. Edward (Margaret Ann Watson);female;48;New York;low;34.38;4
0;Gallagher, Mr. Martin;male;25;Q;low;7.74;0
0;Gilinski, Mr. Eliezer;male;22;New York;low;8.05;0
1;Gilnagh, Miss. Katherine Katie;female;16;Q;low;7.73;0
1;Goldsmith, Master. Frank John William Frankie;male;9;New York;low;20.52;2
0;Goldsmith, Mr. Frank John;male;33;New York;low;20.52;2
0;Goldsmith, Mr. Nathan;male;41;New York;low;7.85;0
1;Goldsmith, Mrs. Frank John (Emily Alice Brown);female;31;New York;low;20.52;2
0;Goncalves, Mr. Manuel Estanslas;male;38;New York;low;7.05;0
0;Goodwin, Master. Harold Victor;male;9;New York;low;46.9;7
0;Goodwin, Master. Sidney Leonard;male;1;New York;low;46.9;7
0;Goodwin, Master. William Frederick;male;11;New York;low;46.9;7
0;Goodwin, Miss. Jessie Allis;female;10;New York;low;46.9;7
0;Goodwin, Miss. Lillian Amy;female;16;New York;low;46.9;7
0;Goodwin, Mr. Charles Edward;male;14;New York;low;46.9;7
0;Goodwin, Mr. Charles Frederick;male;40;New York;low;46.9;7
0;Goodwin, Mrs. Frederick (Augusta Tyler);female;43;New York;low;46.9;7
0;Green, Mr. George Henry;male;51;New York;low;8.05;0
0;Gronnestad, Mr. Daniel Danielsen;male;32;New York;low;8.36;0
0;Gustafsson, Mr. Alfred Ossian;male;20;New York;low;9.85;0
0;Gustafsson, Mr. Anders Vilhelm;male;37;New York;low;7.92;2
0;Gustafsson, Mr. Johan Birger;male;28;New York;low;7.92;2
0;Gustafsson, Mr. Karl Gideon;male;19;New York;low;7.78;0
0;Haas, Miss. Aloisia;female;24;New York;low;8.85;0
0;Hagardon, Miss. Kate;female;17;Q;low;7.73;0
0;Hakkarainen, Mr. Pekka Pietari;male;28;New York;low;15.85;1
1;Hakkarainen, Mrs. Pekka Pietari (Elin Matilda Dolck);female;24;New York;low;15.85;1
0;Hampe, Mr. Leon;male;20;New York;low;9.5;0
0;Hanna, Mr. Mansour;male;24;London;low;7.23;0
0;Hansen, Mr. Claus Peter;male;41;New York;low;14.11;2
0;Hansen, Mr. Henrik Juul;male;26;New York;low;7.85;1
0;Hansen, Mr. Henry Damsgaard;male;21;New York;low;7.85;0
1;Hansen, Mrs. Claus Peter (Jennie L Howard);female;45;New York;low;14.11;1
0;Harmer, Mr. Abraham (David Lishin);male;25;New York;low;7.25;0
0;Hassan, Mr. Houssein G N;male;11;London;low;18.79;0
1;Hedman, Mr. Oskar Arvid;male;27;New York;low;6.97;0
0;Hegarty, Miss. Hanora Nora;female;18;Q;low;6.75;0
1;Heikkinen, Miss. Laina;female;26;New York;low;7.92;0
0;Heininen, Miss. Wendla Maria;female;23;New York;low;7.92;0
1;Hellstrom, Miss. Hilda Maria;female;22;New York;low;8.96;0
0;Hendekovic, Mr. Ignjac;male;28;New York;low;7.9;0
0;Henriksson, Miss. Jenny Lovisa;female;28;New York;low;7.78;0
1;Hirvonen, Miss. Hildur E;female;2;New York;low;12.29;1
1;Hirvonen, Mrs. Alexander (Helga E Lindqvist);female;22;New York;low;12.29;2
0;Holm, Mr. John Fredrik Alexander;male;43;New York;low;6.45;0
0;Holthen, Mr. Johan Martin;male;28;New York;low;22.52;0
1;Honkanen, Miss. Eliina;female;27;New York;low;7.92;0
0;Humblen, Mr. Adolf Mathias Nicolai Olsen;male;42;New York;low;7.65;0
0;Ibrahim Shawah, Mr. Yousseff;male;30;London;low;7.23;0
0;Ilmakangas, Miss. Ida Livija;female;27;New York;low;7.92;1
0;Ilmakangas, Miss. Pieta Sofia;female;25;New York;low;7.92;1
1;Jalsevac, Mr. Ivan;male;29;London;low;7.9;0
1;Jansson, Mr. Carl Olof;male;21;New York;low;7.8;0
0;Jensen, Mr. Hans Peder;male;20;New York;low;7.85;0
0;Jensen, Mr. Niels Peder;male;48;New York;low;7.85;0
0;Jensen, Mr. Svend Lauritz;male;17;New York;low;7.05;1
0;Johanson, Mr. Jakob Alfred;male;34;New York;low;6.5;0
1;Johansson Palmquist, Mr. Oskar Leander;male;26;New York;low;7.78;0
0;Johansson, Mr. Erik;male;22;New York;low;7.8;0
0;Johansson, Mr. Gustaf Joel;male;33;New York;low;8.65;0
0;Johansson, Mr. Karl Johan;male;31;New York;low;7.78;0
0;Johansson, Mr. Nils;male;29;New York;low;7.85;0
1;Johnson, Master. Harold Theodor;male;4;New York;low;11.13;2
1;Johnson, Miss. Eleanor Ileen;female;1;New York;low;11.13;2
0;Johnson, Mr. Alfred;male;49;New York;low;0;0
0;Johnson, Mr. Malkolm Joackim;male;33;New York;low;7.78;0
0;Johnson, Mr. William Cahoone Jr;male;19;New York;low;0;0
1;Johnson, Mrs. Oscar W (Elisabeth Vilhelmina Berg);female;27;New York;low;11.13;2
0;Jonkoff, Mr. Lalio;male;23;New York;low;7.9;0
1;Jonsson, Mr. Carl;male;32;New York;low;7.85;0
0;Jonsson, Mr. Nils Hilding;male;27;New York;low;7.85;0
0;Jussila, Miss. Katriina;female;20;New York;low;9.82;1
0;Jussila, Miss. Mari Aina;female;21;New York;low;9.82;1
1;Jussila, Mr. Eiriik;male;32;New York;low;7.92;0
0;Kallio, Mr. Nikolai Erland;male;17;New York;low;7.12;0
0;Kalvik, Mr. Johannes Halvorsen;male;21;New York;low;8.43;0
0;Karaic, Mr. Milan;male;30;New York;low;7.9;0
1;Karlsson, Mr. Einar Gervasius;male;21;New York;low;7.8;0
0;Karlsson, Mr. Julius Konrad Eugen;male;33;New York;low;7.85;0
0;Karlsson, Mr. Nils August;male;22;New York;low;7.52;0
1;Karun, Miss. Manca;female;4;London;low;13.42;1
1;Karun, Mr. Franz;male;39;London;low;13.42;1
0;Katavelas, Mr. Vassilios (Catavelas Vassilios);male;18;London;low;7.23;0
0;Kelly, Mr. James;male;34;Q;low;7.83;0
0;Kink, Miss. Maria;female;22;New York;low;8.66;2
0;Kink, Mr. Vincenz;male;26;New York;low;8.66;2
1;Kink-Heilmann, Miss. Luise Gretchen;female;4;New York;low;22.02;2
1;Kink-Heilmann, Mr. Anton;male;29;New York;low;22.02;4
1;Kink-Heilmann, Mrs. Anton (Luise Heilmann);female;26;New York;low;22.02;2
0;Klasen, Miss. Gertrud Emilia;female;1;New York;low;12.18;2
0;Klasen, Mr. Klas Albin;male;18;New York;low;7.85;2
0;Klasen, Mrs. (Hulda Kristina Eugenia Lofqvist);female;36;New York;low;12.18;2
1;Krekorian, Mr. Neshan;male;25;London;low;7.23;0
0;Laitinen, Miss. Kristina Sofia;female;37;New York;low;9.59;0
1;Landergren, Miss. Aurora Adelia;female;22;New York;low;7.25;0
1;Lang, Mr. Fang;male;26;New York;low;56.5;0
0;Larsson, Mr. August Viktor;male;29;New York;low;9.48;0
0;Larsson, Mr. Bengt Edvin;male;29;New York;low;7.78;0
0;Larsson-Rondberg, Mr. Edvard A;male;22;New York;low;7.78;0
1;Leeni, Mr. Fahim (Philip Zenni);male;22;London;low;7.22;0
0;Leinonen, Mr. Antti Gustaf;male;32;New York;low;7.92;0
0;Lemberopolous, Mr. Peter L;male;34;London;low;6.44;0
0;Leonard, Mr. Lionel;male;36;New York;low;0;0
0;Lester, Mr. James;male;39;New York;low;24.15;0
0;Lievens, Mr. Rene Aime;male;24;New York;low;9.5;0
0;Lindahl, Miss. Agda Thorilda Viktoria;female;25;New York;low;7.78;0
0;Lindblom, Miss. Augusta Charlotta;female;45;New York;low;7.75;0
0;Lindell, Mr. Edvard Bengtsson;male;36;New York;low;15.55;1
0;Lindell, Mrs. Edvard Bengtsson (Elin Gerda Persson);female;30;New York;low;15.55;1
1;Lindqvist, Mr. Eino William;male;20;New York;low;7.92;1
0;Ling, Mr. Lee;male;28;New York;low;56.5;0
0;Lobb, Mr. William Arthur;male;30;New York;low;16.1;1
0;Lobb, Mrs. William Arthur (Cordelia K Stanlick);female;26;New York;low;16.1;1
0;Lovell, Mr. John Hall (Henry);male;20;New York;low;7.25;0
1;Lulic, Mr. Nikola;male;27;New York;low;8.66;0
0;Lundahl, Mr. Johan Svensson;male;51;New York;low;7.05;0
1;Lundin, Miss. Olga Elida;female;23;New York;low;7.85;0
1;Lundstrom, Mr. Thure Edvin;male;32;New York;low;7.58;0
1;Madsen, Mr. Fridtjof Arne;male;24;New York;low;7.14;0
0;Maenpaa, Mr. Matti Alexanteri;male;22;New York;low;7.12;0
0;Makinen, Mr. Kalle Edvard;male;29;New York;low;7.92;0
0;Mangan, Miss. Mary;female;30;Q;low;7.75;0
0;Markoff, Mr. Marin;male;35;London;low;7.9;0
0;Markun, Mr. Johann;male;33;New York;low;7.9;0
1;McGowan, Miss. Anna Annie;female;15;Q;low;8.03;0
0;McGowan, Miss. Katherine;female;35;Q;low;7.75;0
0;McNamee, Mr. Neal;male;24;New York;low;16.1;1
0;McNamee, Mrs. Neal (Eileen O'Leary);female;19;New York;low;16.1;1
0;Meo, Mr. Alfonzo;male;56;New York;low;8.05;0
1;Midtsjo, Mr. Karl Albert;male;21;New York;low;7.78;0
0;Mineff, Mr. Ivan;male;24;New York;low;7.9;0
0;Minkoff, Mr. Lazar;male;21;New York;low;7.9;0
0;Mionoff, Mr. Stoytcho;male;28;New York;low;7.9;0
0;Moen, Mr. Sigurd Hansen;male;25;New York;low;7.65;0
1;Moor, Master. Meier;male;6;New York;low;12.47;1
1;Moor, Mrs. (Beila);female;27;New York;low;12.47;1
0;Morley, Mr. William;male;34;New York;low;8.05;0
1;Mulvihill, Miss. Bertha E;female;24;Q;low;7.75;0
0;Myhrman, Mr. Pehr Fabian Oliver Malkolm;male;18;New York;low;7.75;0
0;Naidenoff, Mr. Penko;male;22;New York;low;7.9;0
1;Najib, Miss. Adele Kiamie Jane;female;15;London;low;7.22;0
1;Nakid, Miss. Maria (Mary);female;1;London;low;15.74;2
1;Nakid, Mr. Sahid;male;20;London;low;15.74;2
1;Nakid, Mrs. Said (Waika Mary Mowad);female;19;London;low;15.74;2
0;Nancarrow, Mr. William Henry;male;33;New York;low;8.05;0
1;Nicola-Yarred, Master. Elias;male;12;London;low;11.24;1
1;Nicola-Yarred, Miss. Jamila;female;14;London;low;11.24;1
0;Nieminen, Miss. Manta Josefina;female;29;New York;low;7.92;0
0;Niklasson, Mr. Samuel;male;28;New York;low;8.05;0
1;Nilsson, Miss. Berta Olivia;female;18;New York;low;7.78;0
1;Nilsson, Miss. Helmina Josefina;female;26;New York;low;7.85;0
0;Nilsson, Mr. August Ferdinand;male;21;New York;low;7.85;0
0;Nirva, Mr. Iisakki Antino Aijo;male;41;New York;low;7.12;0
1;Niskanen, Mr. Juha;male;39;New York;low;7.92;0
0;Nosworthy, Mr. Richard Cater;male;21;New York;low;7.8;0
0;Novel, Mr. Mansouer;male;28;London;low;7.23;0
1;Nysten, Miss. Anna Sofia;female;22;New York;low;7.75;0
0;Nysveen, Mr. Johan Hansen;male;61;New York;low;6.24;0
0;Odahl, Mr. Nils Martin;male;23;New York;low;9.22;0
1;Ohman, Miss. Velin;female;22;New York;low;7.78;0
1;Olsen, Master. Artur Karl;male;9;New York;low;3.17;1
0;Olsen, Mr. Henry Margido;male;28;New York;low;22.52;0
0;Olsen, Mr. Karl Siegwart Andreas;male;42;New York;low;8.4;1
0;Olsson, Miss. Elina;female;31;New York;low;7.85;0
0;Olsson, Mr. Nils Johan Goransson;male;28;New York;low;7.85;0
1;Olsson, Mr. Oscar Wilhelm;male;32;New York;low;7.78;0
0;Olsvigen, Mr. Thor Anderson;male;20;New York;low;9.22;0
0;Oreskovic, Miss. Jelka;female;23;New York;low;8.66;0
0;Oreskovic, Miss. Marija;female;20;New York;low;8.66;0
0;Oreskovic, Mr. Luka;male;20;New York;low;8.66;0
0;Osen, Mr. Olaf Elon;male;16;New York;low;9.22;0
1;Osman, Mrs. Mara;female;31;New York;low;8.68;0
0;Palsson, Master. Gosta Leonard;male;2;New York;low;21.07;4
0;Palsson, Master. Paul Folke;male;6;New York;low;21.07;4
0;Palsson, Miss. Stina Viola;female;3;New York;low;21.07;4
0;Palsson, Miss. Torborg Danira;female;8;New York;low;21.07;4
0;Palsson, Mrs. Nils (Alma Cornelia Berglund);female;29;New York;low;21.07;4
0;Panula, Master. Eino Viljami;male;1;New York;low;39.69;5
0;Panula, Master. Juha Niilo;male;7;New York;low;39.69;5
0;Panula, Master. Urho Abraham;male;2;New York;low;39.69;5
0;Panula, Mr. Ernesti Arvid;male;16;New York;low;39.69;5
0;Panula, Mr. Jaako Arnold;male;14;New York;low;39.69;5
0;Panula, Mrs. Juha (Maria Emilia Ojala);female;41;New York;low;39.69;5
0;Pasic, Mr. Jakob;male;21;New York;low;8.66;0
0;Patchett, Mr. George;male;19;New York;low;14.5;0
0;Pavlovic, Mr. Stefo;male;32;New York;low;7.9;0
0;Peacock, Master. Alfred Edward;male;1;New York;low;13.78;2
0;Peacock, Miss. Treasteall;female;3;New York;low;13.78;2
0;Peacock, Mrs. Benjamin (Edith Nile);female;26;New York;low;13.78;2
0;Pekoniemi, Mr. Edvard;male;21;New York;low;7.92;0
0;Peltomaki, Mr. Nikolai Johannes;male;25;New York;low;7.92;0
0;Perkin, Mr. John Henry;male;22;New York;low;7.25;0
1;Persson, Mr. Ernst Ulrik;male;25;New York;low;7.78;1
0;Petersen, Mr. Marius;male;24;New York;low;8.05;0
0;Petranec, Miss. Matilda;female;28;New York;low;7.9;0
0;Petroff, Mr. Nedelio;male;19;New York;low;7.9;0
0;Petterson, Mr. Johan Emil;male;25;New York;low;7.78;1
0;Pettersson, Miss. Ellen Natalia;female;18;New York;low;7.78;0
1;Pickard, Mr. Berk (Berk Trembisky);male;32;New York;low;8.05;0
0;Pokrnic, Mr. Mate;male;17;New York;low;8.66;0
0;Pokrnic, Mr. Tome;male;24;New York;low;8.66;0
0;Rekic, Mr. Tido;male;38;New York;low;7.9;0
0;Reynolds, Mr. Harold J;male;21;New York;low;8.05;0
0;Rice, Master. Albert;male;10;Q;low;29.12;5
0;Rice, Master. Arthur;male;4;Q;low;29.12;5
0;Rice, Master. Eric;male;7;Q;low;29.12;5
0;Rice, Master. Eugene;male;2;Q;low;29.12;5
0;Rice, Master. George Hugh;male;8;Q;low;29.12;5
0;Rice, Mrs. William (Margaret Norton);female;39;Q;low;29.12;5
0;Riihivouri, Miss. Susanna Juhantytar Sanni;female;22;New York;low;39.69;0
0;Rintamaki, Mr. Matti;male;35;New York;low;7.12;0
0;Robins, Mr. Alexander A;male;50;New York;low;14.5;1
0;Robins, Mrs. Alexander A (Grace Charity Laury);female;47;New York;low;14.5;1
0;Rosblom, Miss. Salli Helena;female;2;New York;low;20.21;2
0;Rosblom, Mr. Viktor Richard;male;18;New York;low;20.21;2
0;Rosblom, Mrs. Viktor (Helena Wilhelmina);female;41;New York;low;20.21;2
0;Rouse, Mr. Richard Henry;male;50;New York;low;8.05;0
0;Rush, Mr. Alfred George John;male;16;New York;low;8.05;0
0;Saad, Mr. Khalil;male;25;London;low;7.22;0
0;Saether, Mr. Simon Sivertsen;male;38;New York;low;7.25;0
0;Sage, Master. William Henry;male;14;New York;low;69.55;10
0;Salander, Mr. Karl Johan;male;24;New York;low;9.32;0
1;Salkjelsvik, Miss. Anna Kristine;female;21;New York;low;7.65;0
0;Salonen, Mr. Johan Werner;male;39;New York;low;7.92;0
1;Sandstrom, Miss. Beatrice Irene;female;1;New York;low;16.7;2
1;Sandstrom, Mrs. Hjalmar (Agnes Charlotta Bengtsson);female;24;New York;low;16.7;2
1;Sandstrom, Miss. Marguerite Rut;female;4;New York;low;16.7;2
1;Sap, Mr. Julius;male;25;New York;low;9.5;0
0;Saundercock, Mr. William Henry;male;20;New York;low;8.05;0
0;Sawyer, Mr. Frederick Charles;male;24;New York;low;8.05;0
1;Sheerlinck, Mr. Jan Baptist;male;29;New York;low;9.5;0
0;Sirayanian, Mr. Orsen;male;22;London;low;7.23;0
0;Sivic, Mr. Husein;male;40;New York;low;7.9;0
0;Sivola, Mr. Antti Wilhelm;male;21;New York;low;7.92;0
1;Sjoblom, Miss. Anna Sofia;female;18;New York;low;7.5;0
0;Skoog, Master. Harald;male;4;New York;low;27.9;5
0;Skoog, Master. Karl Thorsten;male;10;New York;low;27.9;5
0;Skoog, Miss. Mabel;female;9;New York;low;27.9;5
0;Skoog, Miss. Margit Elizabeth;female;2;New York;low;27.9;5
0;Skoog, Mr. Wilhelm;male;40;New York;low;27.9;5
0;Skoog, Mrs. William (Anna Bernhardina Karlsson);female;45;New York;low;27.9;5
0;Soholt, Mr. Peter Andreas Lauritz Andersen;male;19;New York;low;7.65;0
0;Somerton, Mr. Francis William;male;30;New York;low;8.05;0
0;Spinner, Mr. Henry John;male;32;New York;low;8.05;0
0;Stankovic, Mr. Ivan;male;33;London;low;8.66;0
1;Stanley, Miss. Amy Zillah Elsie;female;23;New York;low;7.55;0
0;Stanley, Mr. Edward Roland;male;21;New York;low;8.05;0
0;Stoytcheff, Mr. Ilia;male;19;New York;low;7.9;0
0;Strandberg, Miss. Ida Sofia;female;22;New York;low;9.84;0
1;Stranden, Mr. Juho;male;31;New York;low;7.92;0
0;Strilic, Mr. Ivan;male;27;New York;low;8.66;0
0;Strom, Miss. Telma Matilda;female;2;New York;low;10.46;1
0;Strom, Mrs. Wilhelm (Elna Matilda Persson);female;29;New York;low;10.46;2
1;Sunderland, Mr. Victor Francis;male;16;New York;low;8.05;0
1;Sundman, Mr. Johan Julian;male;44;New York;low;7.92;0
0;Sutehall, Mr. Henry Jr;male;25;New York;low;7.05;0
0;Svensson, Mr. Johan;male;74;New York;low;7.78;0
1;Svensson, Mr. Johan Cervin;male;14;New York;low;9.22;0
0;Svensson, Mr. Olof;male;24;New York;low;7.8;0
1;Tenglin, Mr. Gunnar Isidor;male;25;New York;low;7.8;0
0;Theobald, Mr. Thomas Leonard;male;34;New York;low;8.05;0
1;Thomas, Master. Assad Alexander;male;0;London;low;8.52;1
1;Thomas, Mrs. Alexander (Thamine Thelma);female;16;London;low;8.52;2
0;Tikkanen, Mr. Juho;male;32;New York;low;7.92;0
0;Tomlin, Mr. Ernest Portage;male;30;New York;low;8.05;0
0;Torber, Mr. Ernst William;male;44;New York;low;8.05;0
1;Tornquist, Mr. William Henry;male;25;New York;low;0;0
1;Touma, Master. Georges Youssef;male;7;London;low;15.25;2
1;Touma, Miss. Maria Youssef;female;9;London;low;15.25;2
1;Touma, Mrs. Darwis (Hanne Youssef Razi);female;29;London;low;15.25;2
0;Turcin, Mr. Stjepan;male;36;New York;low;7.9;0
1;Turja, Miss. Anna Sofia;female;18;New York;low;9.84;0
1;Turkula, Mrs. (Hedwig);female;63;New York;low;9.59;0
0;van Billiard, Master. Walter John;male;12;New York;low;14.5;2
0;van Billiard, Mr. Austin Blyler;male;40;New York;low;14.5;2
0;Van Impe, Miss. Catharina;female;10;New York;low;24.15;2
0;Van Impe, Mr. Jean Baptiste;male;36;New York;low;24.15;2
0;Van Impe, Mrs. Jean Baptiste (Rosalie Paula Govaert);female;30;New York;low;24.15;2
0;Vande Velde, Mr. Johannes Joseph;male;33;New York;low;9.5;0
0;Vande Walle, Mr. Nestor Cyriel;male;28;New York;low;9.5;0
0;Vanden Steen, Mr. Leo Peter;male;28;New York;low;9.5;0
0;Vander Cruyssen, Mr. Victor;male;47;New York;low;9;0
0;Vander Planke, Miss. Augusta Maria;female;18;New York;low;18;2
0;Vander Planke, Mr. Julius;male;31;New York;low;18;3
0;Vander Planke, Mr. Leo Edmondus;male;16;New York;low;18;2
0;Vander Planke, Mrs. Julius (Emelia Maria Vandemoortele);female;31;New York;low;18;1
1;Vartanian, Mr. David;male;22;London;low;7.22;0
0;Vendel, Mr. Olof Edvin;male;20;New York;low;7.85;0
0;Vestrom, Miss. Hulda Amanda Adolfina;female;14;New York;low;7.85;0
0;Vovk, Mr. Janko;male;22;New York;low;7.9;0
0;Waelens, Mr. Achille;male;22;New York;low;9;0
0;Wenzel, Mr. Linhart;male;32;New York;low;9.5;0
1;Whabee, Mrs. George Joseph (Shawneene Abi-Saab);female;38;London;low;7.23;0
0;Widegren, Mr. Carl/Charles Peter;male;51;New York;low;7.75;0
0;Wiklund, Mr. Jakob Alfred;male;18;New York;low;6.5;1
0;Wiklund, Mr. Karl Johan;male;21;New York;low;6.5;1
1;Wilkes, Mrs. James (Ellen Needs);female;47;New York;low;7;1
0;Williams, Mr. Leslie;male;28;New York;low;16.1;0
0;Windelov, Mr. Einar;male;21;New York;low;7.25;0
0;Wirz, Mr. Albert;male;27;New York;low;8.66;0
0;Wittevrongel, Mr. Camille;male;36;New York;low;9.5;0
0;Yasbeck, Mr. Antoni;male;27;London;low;14.45;1
1;Yasbeck, Mrs. Antoni (Selini Alexander);female;15;London;low;14.45;1
0;Youseff, Mr. Gerious;male;46;London;low;7.22;0
0;Zabour, Miss. Hileni;female;14;London;low;14.45;1
0;Zakarian, Mr. Mapriededer;male;26;London;low;7.22;0
0;Zakarian, Mr. Ortin;male;27;London;low;7.22;0
0;Zimmerman, Mr. Leo;male;29;New York;low;7.88;0
